user_id,name,email,signup_date
1,Patrick Ford,courtneymiller@example.com,2025-01-08T15:46:47
2,Erin Fowler,sarahharper@example.org,2025-01-04T03:53:00
3,Brad Williams,pauljohnson@example.com,2025-01-08T12:47:32
4,Michael Boyd,beasleyjohn@example.net,2025-01-06T08:21:27
5,Zachary Robinson,perrybrian@example.net,2025-01-09T04:01:08
6,Robert Jones,hjones@example.com,2025-01-09T13:49:06
7,Sara Tucker,ihoward@example.net,2025-01-01T21:52:09
8,Zachary Jackson,rsummers@example.org,2025-01-08T07:16:51
9,Sherry Duncan,zachary46@example.org,2025-01-09T15:14:06
10,Paul Obrien,amypayne@example.net,2025-01-08T19:36:56
11,Meagan Miller,reginabell@example.com,2025-01-04T03:50:58
12,Dustin Bush,chendricks@example.com,2025-01-04T11:26:42
13,Brett Harris,chris56@example.org,2025-01-06T02:50:01
14,Michael Carrillo,traviswolfe@example.com,2025-01-05T12:51:38
15,Lindsay Gonzalez,bakersandra@example.net,2025-01-08T22:32:18
16,Eric Steele,angela31@example.org,2025-01-07T13:24:16
17,Donald Burke,tatekim@example.com,2025-01-09T00:44:54
18,Kristy Scott,bobbyharris@example.org,2025-01-05T11:57:30
19,Frank Richardson,james82@example.com,2025-01-09T15:26:19
20,Anthony Martin,kathycole@example.net,2025-01-08T14:36:58
21,Maria Pierce,shannonhill@example.com,2025-01-04T07:49:49
22,Kimberly Mcdaniel,rgriffith@example.com,2025-01-06T13:52:35
23,Pamela Thomas,johnsonerik@example.com,2025-01-03T22:07:49
24,Jordan Brown,benjaminbrooks@example.com,2025-01-01T07:37:30
25,Amanda Flowers,cliffordwood@example.net,2025-01-04T02:24:06
26,Katie Ball,hannah95@example.org,2025-01-01T08:34:04
27,Tyler Jones,hayeswilliam@example.org,2025-01-08T03:37:24
28,Larry Hamilton,dnichols@example.com,2025-01-01T09:44:59
29,Mia Gonzalez,samanthamills@example.com,2025-01-03T03:13:57
30,Michelle Sanchez,ejordan@example.net,2025-01-02T08:53:39
31,Jimmy Campbell,rodriguezkurt@example.com,2025-01-07T13:24:54
32,Jonathon Lewis,seanwilliams@example.org,2025-01-06T09:33:09
33,Jeremy Cantrell,usaunders@example.org,2025-01-01T13:21:37
34,Norman Davis,kbates@example.net,2025-01-02T05:40:46
35,Megan Young,joel46@example.org,2025-01-02T21:06:06
36,Mark Castillo,christopher97@example.com,2025-01-06T18:44:49
37,Maria Conrad,joshuakim@example.org,2025-01-03T02:24:35
38,Samantha Castillo,gordon51@example.com,2025-01-03T16:19:01
39,Heather Montoya,baileymichele@example.org,2025-01-09T18:05:43
40,Rachel Hernandez DVM,dfrazier@example.com,2025-01-08T01:10:27
41,Adam Smith,williamsrebecca@example.com,2025-01-03T09:36:41
42,Miguel Mendez,johnsonerin@example.net,2025-01-01T21:59:08
43,Samuel Hull,welchjose@example.org,2025-01-06T11:01:27
44,Kimberly Contreras,rojasjared@example.net,2025-01-06T11:47:31
45,Danielle Mills,john94@example.net,2025-01-07T19:32:16
46,Carlos Thomas,jacobsonlindsey@example.com,2025-01-04T12:51:13
47,Brian Cooper,clinton84@example.org,2025-01-08T11:02:18
48,Thomas Stevens,robertrichmond@example.org,2025-01-08T23:42:10
49,Caitlin Thompson,troy36@example.net,2025-01-01T10:20:14
50,Pamela Berg,carmenmorgan@example.com,2025-01-07T02:37:59
51,Diana Foster,michaelyoung@example.com,2025-01-09T11:14:09
52,Jeffrey Mcconnell,aramos@example.net,2025-01-07T03:27:04
53,Alexander Mays,coloncraig@example.net,2025-01-05T03:26:31
54,Erin Johnson,lharris@example.org,2025-01-02T19:35:40
55,Diamond Coleman,inielsen@example.net,2025-01-08T13:37:32
56,Deanna Hampton,morgantina@example.net,2025-01-09T15:38:31
57,Kyle Fernandez,dramirez@example.net,2025-01-01T18:37:39
58,Ian Mclaughlin,andersonandrea@example.org,2025-01-06T21:20:17
59,Neil James,johnsontaylor@example.net,2025-01-05T02:25:35
60,Tiffany Wiley,kyleramsey@example.com,2025-01-08T10:18:33
61,Alexa Davis,orodriguez@example.net,2025-01-01T16:15:34
62,Tammy Wang,bruceemily@example.org,2025-01-02T12:25:30
63,Keith Tate,tyler33@example.org,2025-01-05T06:57:09
64,Matthew Buchanan,ihayes@example.net,2025-01-02T12:12:26
65,Melissa Chandler,justinmaxwell@example.net,2025-01-02T02:22:47
66,Randy Vargas,elizabethgutierrez@example.com,2025-01-06T16:03:51
67,Courtney Lee MD,nicoledorsey@example.net,2025-01-04T09:08:05
68,Eric Miller,austinmichael@example.com,2025-01-03T03:26:25
69,Michelle Powell,donna04@example.com,2025-01-09T14:11:13
70,Miguel Simmons,kleinsandra@example.com,2025-01-09T17:23:19
71,Samantha Morales,ugoodwin@example.net,2025-01-07T02:53:45
72,Samantha Choi,robrien@example.org,2025-01-09T18:23:41
73,Beth Patton,francesday@example.net,2025-01-05T14:23:59
74,Jared Morgan,katherine07@example.org,2025-01-01T16:04:35
75,Jonathan Webb,hammondashley@example.net,2025-01-07T19:26:17
76,Wanda Webster,smithroger@example.com,2025-01-07T00:37:08
77,William Mcdaniel,xscott@example.com,2025-01-04T16:44:05
78,Steven Sutton,iyoung@example.org,2025-01-03T12:55:32
79,Mrs. Julia Smith DDS,patelrhonda@example.net,2025-01-03T06:24:00
80,Karen Lee,kemppatrick@example.com,2025-01-08T04:54:07
81,Amber Alvarez,rebeccascott@example.net,2025-01-02T03:20:44
82,John Salazar,xmoses@example.com,2025-01-01T12:18:44
83,Alejandro Williamson,epruitt@example.com,2025-01-01T20:23:38
84,Jennifer Watkins,onealdavid@example.com,2025-01-02T11:13:11
85,Kyle Jimenez,sbarnett@example.net,2025-01-09T02:46:23
86,Anthony Martinez,sheila06@example.org,2025-01-03T01:53:05
87,Amber Ponce,ithomas@example.org,2025-01-07T21:04:15
88,Olivia Knox,kmorris@example.org,2025-01-03T16:44:43
89,Anthony Miller,sean47@example.net,2025-01-07T03:03:52
90,Willie Villa,alexbailey@example.org,2025-01-05T20:45:18
91,Sean Fischer,carlsonandrea@example.com,2025-01-02T12:13:39
92,Patrick Phillips,harry76@example.org,2025-01-04T16:26:58
93,Victor Ibarra,cmaddox@example.com,2025-01-08T15:12:03
94,Julie Mccullough,jsalinas@example.com,2025-01-03T05:15:09
95,Scott Bryant,taylorthomas@example.com,2025-01-07T16:29:22
96,Brandon Hancock,larryblair@example.com,2025-01-08T09:23:42
97,Judith Mosley,alyssaavery@example.net,2025-01-06T20:18:38
98,Patricia Williams,wisemegan@example.org,2025-01-07T21:11:19
99,Stacy Johnson,robertmitchell@example.org,2025-01-01T13:18:39
100,Michael Butler,milleredward@example.net,2025-01-05T06:29:57
101,Kendra Gonzalez,usanders@example.org,2025-01-04T10:34:42
102,Richard Ramos,joelbrown@example.com,2025-01-06T17:18:24
103,Edwin Jackson,othomas@example.net,2025-01-06T05:36:08
104,Clinton Mcclure,aliciawilson@example.com,2025-01-09T14:40:35
105,Lisa King,charleswilson@example.org,2025-01-03T03:48:12
106,David Maddox,brian87@example.net,2025-01-06T12:35:51
107,Jamie Smith,raymarco@example.net,2025-01-07T08:23:36
108,Leon Hill,davidsanchez@example.com,2025-01-07T12:45:03
109,Stephen Keith,timothythomas@example.org,2025-01-01T05:39:38
110,John Ramos,darinnelson@example.net,2025-01-09T04:12:23
111,Ryan Ward,hendrixdaniel@example.com,2025-01-06T03:31:53
112,Valerie Smith,igonzales@example.com,2025-01-07T14:28:52
113,Nathan Wiggins,andersentyler@example.net,2025-01-09T08:13:12
114,Kenneth Flores,johnny85@example.org,2025-01-05T09:49:25
115,Julie Peterson,elizabethdyer@example.org,2025-01-07T00:15:18
116,Rachel Barnett,holmesnatalie@example.net,2025-01-08T09:34:09
117,Katherine Wilson,maria91@example.org,2025-01-05T23:18:50
118,Aaron Collins,joseph17@example.net,2025-01-08T23:15:32
119,Kathy Guerrero,zyoung@example.org,2025-01-04T17:39:52
120,Meghan Ramirez,elliottcarol@example.com,2025-01-04T11:25:03
121,Michael Woods,jill07@example.com,2025-01-07T07:01:05
122,Erin Keller,maria73@example.com,2025-01-06T15:50:10
123,James Jones,hesteramy@example.net,2025-01-04T14:24:40
124,Tara Matthews,danielle43@example.com,2025-01-04T07:36:16
125,Kimberly Crane,kristinterrell@example.org,2025-01-01T11:25:51
126,Christopher Woodward,alexjones@example.com,2025-01-04T15:22:24
127,Dillon Hurley,rwilliamson@example.com,2025-01-06T05:58:38
128,Cesar Moore,wjohnston@example.net,2025-01-05T10:45:47
129,Natalie Williams,xmorris@example.com,2025-01-05T15:09:59
130,Tracy Hernandez,jenna32@example.com,2025-01-07T03:34:09
131,Christopher Higgins,lcuevas@example.com,2025-01-03T00:36:15
132,Dr. Kendra Salazar DVM,timothynguyen@example.org,2025-01-07T15:37:45
133,Angela Barrett,duranashley@example.net,2025-01-01T15:36:47
134,Jeffrey Blair,jonesdestiny@example.com,2025-01-01T15:26:43
135,Cynthia Berry,butlertheresa@example.net,2025-01-02T01:58:06
136,Stephanie Hale,ibauer@example.com,2025-01-01T23:06:17
137,Angela Espinoza,eharrington@example.net,2025-01-02T23:34:44
138,Cassidy Hanna,kmoore@example.net,2025-01-04T22:44:08
139,Terri Johnson,thoover@example.net,2025-01-04T06:38:07
140,Joshua Murillo,grimeswilliam@example.com,2025-01-02T14:26:33
141,Adam Benson,erinberry@example.com,2025-01-03T20:44:43
142,Kyle Brooks,david11@example.org,2025-01-06T03:22:02
143,Frank Yu,kendralawrence@example.org,2025-01-04T14:37:05
144,Charles Lawrence,ericmorton@example.org,2025-01-09T07:45:54
145,Erica Smith,huntershirley@example.com,2025-01-07T16:07:34
146,Brian Bell,alexis67@example.net,2025-01-04T16:47:15
147,Daniel Holmes,christophermann@example.org,2025-01-01T23:12:59
148,Robert Bennett,tammybell@example.org,2025-01-02T19:08:57
149,Julie Bailey,dmason@example.com,2025-01-09T02:07:16
150,Logan Thompson,careystephanie@example.org,2025-01-05T18:07:00
151,Shannon Atkins,brianandrews@example.org,2025-01-09T15:29:56
152,Cheryl Brooks,fullerkelly@example.org,2025-01-09T02:23:52
153,Erin Campbell,shawn48@example.org,2025-01-07T07:02:31
154,Travis Dodson,hodgeshane@example.org,2025-01-08T22:08:13
155,Catherine Ray,hsanders@example.com,2025-01-09T14:52:27
156,Stephanie Reeves,chapmanbrittany@example.com,2025-01-06T13:55:51
157,Stephanie Manning,melissadavis@example.com,2025-01-07T04:34:03
158,Alexander Mcdonald,jstephens@example.net,2025-01-03T00:04:54
159,Michael Wilson,rdorsey@example.net,2025-01-01T20:24:12
160,Neil Alvarado,eosborne@example.org,2025-01-04T12:35:27
161,Linda Morgan,stephanie41@example.com,2025-01-02T15:59:56
162,Dr. Derrick Gonzalez,heatherlopez@example.com,2025-01-09T07:55:34
163,Maria Brown,williamsdonna@example.net,2025-01-05T09:45:59
164,Jake Williams,ejackson@example.org,2025-01-07T17:00:24
165,Courtney Graham,joangriffin@example.org,2025-01-06T09:19:39
166,Leslie Hall,tthompson@example.com,2025-01-01T17:20:35
167,Grant Griffin,ugonzales@example.com,2025-01-02T06:50:43
168,Tammy Anderson,stephendavis@example.com,2025-01-04T21:15:20
169,Katherine Sullivan,susan73@example.net,2025-01-04T06:31:51
170,Ronald Baker,blairdawn@example.org,2025-01-05T18:16:55
171,Jacob Myers,jacob04@example.org,2025-01-04T12:10:35
172,Justin Young,wilsonjennifer@example.net,2025-01-01T07:02:25
173,Justin Arroyo,coreygonzalez@example.org,2025-01-05T23:50:38
174,Diana Watkins,guerrerocole@example.net,2025-01-07T16:28:45
175,Danielle Lee,ashleyandrews@example.net,2025-01-03T11:31:40
176,Alexandra King,daniel80@example.net,2025-01-05T02:25:33
177,Carlos Wright,murraysean@example.net,2025-01-09T07:01:45
178,Mrs. Erika Burgess MD,joshua76@example.net,2025-01-03T01:51:54
179,Deborah Stevens,megan81@example.net,2025-01-03T13:10:50
180,Alexandra Ortega,gdudley@example.org,2025-01-03T16:30:00
181,Clifford Sherman,cookjoel@example.com,2025-01-06T03:52:26
182,Taylor Leonard,fali@example.com,2025-01-09T10:41:11
183,Gina Palmer,anthonymiller@example.org,2025-01-03T04:26:51
184,Dennis Patterson,markharris@example.com,2025-01-08T01:50:27
185,Teresa Hudson,andreanunez@example.com,2025-01-04T23:58:16
186,Adam Bowers,taraorozco@example.net,2025-01-06T01:00:39
187,Karen Gibson,daviskelli@example.org,2025-01-05T04:29:29
188,Timothy Anderson,karensandoval@example.com,2025-01-04T19:29:05
189,Jennifer Fritz,lewismario@example.net,2025-01-05T06:18:44
190,Kristina Garcia,odonnellgregory@example.net,2025-01-03T19:42:34
191,Kevin Barnett,xrobinson@example.org,2025-01-04T10:06:02
192,Helen Bates,jessica80@example.com,2025-01-08T08:26:14
193,Kristin Davis,richmichelle@example.com,2025-01-09T16:37:18
194,Allen Goodwin,fjackson@example.net,2025-01-04T18:19:30
195,Gary Washington,btucker@example.net,2025-01-02T23:58:19
196,James Hampton,garciarobert@example.org,2025-01-02T18:48:33
197,Alexis Schmidt,ballkenneth@example.com,2025-01-05T16:20:22
198,Mark Byrd,johnsonvictoria@example.org,2025-01-07T20:22:56
199,Casey Bass,vnelson@example.com,2025-01-09T19:06:35
200,Jane Davis,dbrennan@example.org,2025-01-06T12:08:29
201,Hannah Galloway,donald68@example.net,2025-01-01T07:46:42
202,Micheal Wyatt,shirley73@example.net,2025-01-01T10:06:36
203,Wesley Wilson,micheallowery@example.com,2025-01-01T09:08:49
204,Caitlyn Snow,staffordmelissa@example.org,2025-01-02T04:25:20
205,Melissa Perez,robinsonsarah@example.net,2025-01-01T09:22:02
206,Danielle Williams,shannon94@example.net,2025-01-04T11:13:59
207,Adam Gilmore,michael00@example.com,2025-01-01T20:38:12
208,Timothy Davis,yduke@example.net,2025-01-09T13:09:59
209,Kelsey Lee,yfox@example.org,2025-01-06T14:39:22
210,Lisa Bradshaw,emilyvalencia@example.org,2025-01-04T14:01:29
211,Heather Santiago,mackenziemejia@example.net,2025-01-03T16:54:07
212,William Sandoval,nelsonkristen@example.com,2025-01-01T06:43:50
213,Terri Bailey,brooksjames@example.org,2025-01-09T15:04:57
214,Cindy Carr,joshuabrown@example.org,2025-01-09T09:57:12
215,Grant Vang,reedjulie@example.net,2025-01-05T18:56:21
216,Christopher Morrison,richard33@example.org,2025-01-08T08:25:45
217,Jennifer Hanson,stuartjames@example.net,2025-01-08T07:56:42
218,Derek Blackwell,melissafigueroa@example.net,2025-01-05T18:32:02
219,Terri Bryan,jamesmartin@example.com,2025-01-07T09:21:13
220,Frederick Stanton Jr.,christinemorris@example.com,2025-01-07T18:48:54
221,Kerry Miranda,karen10@example.org,2025-01-03T14:12:25
222,Anna Diaz,parkerjohn@example.net,2025-01-01T07:06:12
223,Kevin Guerra,cynthia01@example.org,2025-01-07T19:44:23
224,Zachary Pratt,creyes@example.org,2025-01-02T05:30:35
225,Dustin Marsh,taraellis@example.net,2025-01-01T22:46:29
226,Vanessa Holloway,taylor12@example.com,2025-01-09T10:26:32
227,Marc Bush,jacksonmichael@example.net,2025-01-01T12:15:28
228,Derek Jennings,owilkinson@example.org,2025-01-06T20:24:54
229,Allen Allen,sbyrd@example.org,2025-01-09T04:15:06
230,Erica Dillon,kelsey33@example.org,2025-01-07T06:19:35
231,Jessica Simpson,agregory@example.net,2025-01-03T02:51:15
232,Danielle Kerr,angela78@example.net,2025-01-03T21:37:35
233,Ryan Nelson,andremendez@example.net,2025-01-08T22:33:40
234,Russell Ward,gtorres@example.com,2025-01-03T13:06:59
235,Katherine Dean,gregorypacheco@example.com,2025-01-02T09:28:26
236,Vanessa Cruz,trogers@example.org,2025-01-01T12:54:54
237,Jeremy Martinez,lclark@example.com,2025-01-03T22:48:47
238,John Keller,rhammond@example.net,2025-01-08T12:09:54
239,Elizabeth Mitchell,jenniferbranch@example.net,2025-01-02T05:45:16
240,Maria Barron,mayryan@example.net,2025-01-04T11:21:02
241,Steven Rivera,rstewart@example.org,2025-01-01T11:07:57
242,Angela Cole,michaelellis@example.com,2025-01-01T19:02:59
243,Elizabeth Drake,matthew90@example.org,2025-01-05T05:39:46
244,Jeffery Jacobs,brownheidi@example.com,2025-01-01T11:05:47
245,Brittany Smith,michaellopez@example.org,2025-01-02T16:42:15
246,Brittany Chapman,sarah30@example.com,2025-01-04T07:07:59
247,Robert Knight,ivelazquez@example.com,2025-01-03T13:17:49
248,Gregory Browning,mark55@example.com,2025-01-03T20:36:22
249,Kristen Rollins,phillipsroberta@example.com,2025-01-07T06:54:10
250,Brandon Sawyer,stevensonjames@example.org,2025-01-07T17:14:13
251,Joshua Mendez,patrickmurray@example.org,2025-01-01T06:22:33
252,Brandon Medina,cannonerica@example.org,2025-01-03T01:22:04
253,Dawn Nelson,athompson@example.net,2025-01-02T11:23:13
254,Cassandra Lewis,danielwilcox@example.org,2025-01-08T11:21:05
255,Debbie Hawkins,gordonandrea@example.com,2025-01-03T00:14:30
256,Tammy Garcia,milleralex@example.org,2025-01-03T20:41:32
257,Jonathan Rodriguez,ericrhodes@example.com,2025-01-07T18:59:47
258,Stacy Blackburn,wagnerkevin@example.org,2025-01-02T18:48:38
259,Aaron Weaver,josephschmidt@example.org,2025-01-03T17:16:41
260,Gregory Cohen,jason77@example.net,2025-01-03T22:58:37
261,Paul Nguyen,rickylee@example.net,2025-01-03T19:15:45
262,Brittany Murray,erincarr@example.org,2025-01-03T00:11:47
263,Caitlin Crawford MD,angelabrock@example.com,2025-01-01T13:21:44
264,Lisa Moore,gregoryshaffer@example.org,2025-01-02T02:55:44
265,Jay Pugh,fieldssamuel@example.org,2025-01-05T13:24:07
266,Jessica Schwartz,pchaney@example.com,2025-01-08T19:56:04
267,Jessica Simpson,steven60@example.com,2025-01-07T17:59:18
268,Kimberly Martinez,laura57@example.net,2025-01-08T20:45:13
269,Brittany Silva,kristina25@example.com,2025-01-04T00:36:03
270,Diane Prince,kanegregory@example.org,2025-01-04T06:43:27
271,Gene Richardson,robert54@example.net,2025-01-03T13:18:56
272,Lori Miranda,reesekimberly@example.org,2025-01-07T06:42:19
273,Dawn Mitchell,regina55@example.net,2025-01-02T22:13:07
274,Lauren Parker,lanemaxwell@example.net,2025-01-01T03:07:42
275,Christina Phillips,andrew67@example.org,2025-01-03T05:05:16
276,Rebecca Diaz,jessica81@example.net,2025-01-08T05:09:17
277,Joel Cruz,gilmorestephanie@example.com,2025-01-06T00:51:07
278,Laura Martinez,fostermichelle@example.org,2025-01-03T03:41:18
279,Jesse Salazar,allenchandler@example.net,2025-01-02T03:10:42
280,Andrea Cox,bowmanwendy@example.org,2025-01-02T16:20:49
281,Donald Acevedo,jamescole@example.net,2025-01-02T04:41:09
282,Eric Ellis,wcollins@example.com,2025-01-08T20:25:13
283,Jo Smith,thomas20@example.com,2025-01-09T15:10:40
284,Jacob Perez,hillgary@example.com,2025-01-03T15:31:27
285,Tracey Hubbard,penningtonjoshua@example.net,2025-01-01T16:29:37
286,Matthew Torres,crawfordchristina@example.org,2025-01-04T03:08:15
287,Robert Brown,leonardharrison@example.net,2025-01-01T22:21:18
288,Caleb Mclean,houstonkaitlyn@example.org,2025-01-04T17:22:42
289,Jeffrey Thomas,stephanie30@example.net,2025-01-07T13:27:18
290,Dr. Michael Jensen MD,othomas@example.net,2025-01-02T00:57:08
291,Brittany Porter,klinedennis@example.org,2025-01-06T21:51:52
292,Cody Smith,xstrong@example.com,2025-01-01T06:26:32
293,Heather Douglas,opena@example.net,2025-01-05T14:33:57
294,Sarah Garcia,jordanchris@example.org,2025-01-01T08:23:52
295,Catherine Burke,bmatthews@example.com,2025-01-08T15:43:51
296,Kevin Hernandez,christopher09@example.net,2025-01-01T16:54:23
297,Brian Ramos,turnermakayla@example.com,2025-01-06T12:35:09
298,Laura Ewing,garnercraig@example.org,2025-01-03T14:05:34
299,Tommy Howard,fsnyder@example.org,2025-01-07T21:53:38
300,Christopher Webster,jaustin@example.net,2025-01-04T01:23:20
301,Angela Stevens DDS,qjennings@example.net,2025-01-05T09:01:58
302,Mr. James Kelley PhD,nicole68@example.com,2025-01-02T15:50:18
303,Marcus Kim MD,qvaldez@example.org,2025-01-07T16:55:02
304,Haley Rich,lisaalvarado@example.net,2025-01-04T20:23:03
305,Cheryl Mcgee,pbeasley@example.org,2025-01-06T04:43:38
306,Adam Harris PhD,patricia81@example.org,2025-01-06T13:47:20
307,Mrs. Janet Bird,jasminefisher@example.com,2025-01-01T17:50:39
308,Zachary Russell,marie32@example.com,2025-01-08T14:55:55
309,Robin Williams,martinezpamela@example.net,2025-01-05T23:46:42
310,Christopher Carroll,wschaefer@example.net,2025-01-03T22:53:03
311,Larry Taylor,roberthoffman@example.org,2025-01-09T16:57:23
312,Jennifer Collins,shelbywilliams@example.net,2025-01-08T08:23:08
313,Marcus Vazquez,amy90@example.org,2025-01-02T19:45:10
314,Alexander Bishop,ffoster@example.com,2025-01-08T04:53:15
315,Matthew Mason,cburke@example.net,2025-01-01T23:22:39
316,William Berger,jacquelinehanna@example.net,2025-01-08T04:04:23
317,Tiffany Campbell,edeleon@example.org,2025-01-04T17:05:12
318,Justin Brown,oferguson@example.com,2025-01-01T01:45:11
319,Linda Giles,rodneyrichardson@example.org,2025-01-08T13:03:23
320,Thomas Hill,tsummers@example.net,2025-01-04T05:03:52
321,Karen Walsh,robert70@example.net,2025-01-04T05:05:26
322,Maria Mills,juan64@example.com,2025-01-09T03:23:10
323,Linda Davis,ryantaylor@example.com,2025-01-01T18:16:44
324,Marcus Wright,brittanyrodriguez@example.net,2025-01-05T16:56:17
325,Shawn Harvey,michael98@example.com,2025-01-03T22:41:54
326,Allen Oliver,robert23@example.org,2025-01-08T20:30:33
327,Collin Schwartz,davidwilliams@example.org,2025-01-04T13:31:06
328,Michael Johnson,roymiller@example.org,2025-01-07T08:01:04
329,Deanna White DDS,brandon67@example.com,2025-01-05T15:35:48
330,Joshua Stone,brownkristen@example.org,2025-01-03T11:43:31
331,Mr. Nathan Smith,ryanblake@example.com,2025-01-07T21:02:20
332,Teresa Oconnor,haascurtis@example.net,2025-01-01T16:52:07
333,Mary Baker,theresachase@example.net,2025-01-06T09:36:04
334,Holly Johns,james43@example.com,2025-01-07T22:18:42
335,Darrell Henderson,yluna@example.net,2025-01-05T11:27:37
336,Anthony Stevens,rachel54@example.org,2025-01-08T15:40:44
337,Cameron Woods,sanchezrebecca@example.net,2025-01-04T00:08:18
338,Melinda Sanchez,drivera@example.com,2025-01-01T17:16:18
339,Joseph Davenport,charles10@example.com,2025-01-01T08:27:35
340,Ronald Lindsey,davidmoore@example.org,2025-01-09T18:16:14
341,Jordan Quinn,danielle36@example.com,2025-01-01T21:36:39
342,Sarah Gonzalez,caseylam@example.org,2025-01-08T07:35:47
343,Tiffany Cox,christopher76@example.net,2025-01-01T20:50:13
344,Sean Hicks,kevin92@example.org,2025-01-02T17:25:01
345,Mr. Gary Miller MD,huntanna@example.net,2025-01-02T22:44:40
346,Matthew Welch,derrickguerra@example.net,2025-01-02T14:34:51
347,Kevin Gibson,jamiebecker@example.net,2025-01-04T05:45:17
348,Dawn Daugherty,emilyhale@example.net,2025-01-04T11:32:49
349,Veronica Clark,wwalker@example.com,2025-01-07T20:33:38
350,Sara Webb,timothy05@example.net,2025-01-06T23:56:03
351,Jamie Oconnor,rachel41@example.net,2025-01-04T09:24:27
352,Jennifer Nguyen,jacksonsusan@example.com,2025-01-04T12:39:57
353,Melanie Martin,jane86@example.com,2025-01-01T06:26:49
354,Nicole Chavez,billy52@example.com,2025-01-06T13:12:50
355,Elizabeth Lane,ricejuan@example.net,2025-01-01T09:26:24
356,Melissa Rodriguez,charlescarpenter@example.org,2025-01-08T13:12:21
357,Jeremy Martinez,mary95@example.net,2025-01-03T06:04:48
358,David Cervantes,petersonheather@example.org,2025-01-03T12:36:57
359,Kara Ryan,qjohnston@example.org,2025-01-02T04:00:25
360,Denise Sexton,icox@example.org,2025-01-01T00:59:35
361,Melanie Davis,mcdanielcheryl@example.org,2025-01-07T02:37:22
362,Lawrence Wilkins,jimmy52@example.com,2025-01-08T09:07:17
363,Tiffany Payne,martinjeremy@example.net,2025-01-05T05:34:28
364,Dr. Jack Jones DDS,maureen64@example.net,2025-01-07T04:07:21
365,Natalie Meza,matthew10@example.net,2025-01-09T05:06:03
366,Robert Roberts,skinnerkristen@example.org,2025-01-05T23:55:58
367,Margaret Sullivan,steven23@example.com,2025-01-06T17:23:15
368,Hannah Harris,taylorkelly@example.org,2025-01-09T16:07:35
369,Edward Robinson,richard34@example.com,2025-01-08T19:07:37
370,John Clark,justin29@example.org,2025-01-08T07:36:40
371,Amy Jenkins,handerson@example.net,2025-01-03T02:37:08
372,Virginia Acevedo,ovelez@example.net,2025-01-09T19:31:05
373,Katelyn Hoover DDS,rebecca85@example.net,2025-01-09T16:49:39
374,Scott Johnson,davidpowers@example.com,2025-01-08T09:45:52
375,Karina Howell,claytontaylor@example.org,2025-01-03T10:03:05
376,Michael Lucas,julie01@example.org,2025-01-09T14:28:22
377,Heather Madden,dylan03@example.org,2025-01-04T11:27:51
378,Jessica Valentine,onguyen@example.com,2025-01-08T00:44:04
379,Gregory Kim,kevin43@example.com,2025-01-08T23:15:06
380,Jennifer Hayes,snyderrichard@example.com,2025-01-05T07:02:44
381,Michelle Navarro,zachary93@example.net,2025-01-08T06:00:44
382,Steven Gentry,qpaul@example.org,2025-01-06T04:23:52
383,Michael Burns,richardjohnson@example.org,2025-01-02T02:21:31
384,Melissa Barr,melanie32@example.com,2025-01-02T00:20:35
385,Andrew Davis,hyates@example.org,2025-01-06T03:39:46
386,Kristi Hooper,patrickblack@example.org,2025-01-04T11:48:06
387,Chloe Pollard,osanchez@example.org,2025-01-06T12:29:52
388,Mr. Christopher White,roberto26@example.net,2025-01-03T03:12:19
389,Jordan Payne,austinsamuel@example.org,2025-01-09T05:52:44
390,Cheryl Harvey,john74@example.net,2025-01-05T18:25:15
391,Shannon Grant,curtisdarrell@example.com,2025-01-06T15:20:12
392,Shelby Hernandez,rgomez@example.net,2025-01-03T13:21:03
393,Joshua Perez,timothy81@example.com,2025-01-08T08:55:17
394,Courtney Mitchell,klinebrenda@example.org,2025-01-01T17:28:31
395,Samuel Thomas,justin24@example.com,2025-01-08T08:30:46
396,Kevin Bowman,kristi68@example.com,2025-01-02T05:56:01
397,Nicholas Nichols,felicia43@example.net,2025-01-06T00:58:39
398,Joshua Blake,adamclark@example.com,2025-01-06T17:13:27
399,Timothy Martin,kevinward@example.net,2025-01-04T10:13:40
400,Shaun Gibson,jamiegray@example.com,2025-01-04T17:29:58
401,Donald Howard,matthew17@example.org,2025-01-07T01:46:04
402,Edward Palmer,josephrush@example.com,2025-01-08T05:15:29
403,Brandon Wong,qhall@example.com,2025-01-02T21:54:05
404,Justin Flores,maureenbennett@example.org,2025-01-01T01:28:10
405,Melissa Velez,reyescharlotte@example.org,2025-01-03T12:54:24
406,Mike Macdonald,ricebrian@example.net,2025-01-02T10:57:44
407,Brian Schmidt,ckim@example.net,2025-01-01T13:00:00
408,David Patterson,qdavis@example.com,2025-01-01T06:22:21
409,Philip Glenn,qcarrillo@example.org,2025-01-07T06:25:31
410,Casey Jones,christopher65@example.net,2025-01-05T09:51:26
411,Nathaniel Carpenter,alan71@example.com,2025-01-06T14:53:04
412,Elizabeth Rivers,mgibson@example.net,2025-01-04T19:31:24
413,Danielle Michael,kevinwood@example.com,2025-01-07T09:38:42
414,Kevin Gray,tarahutchinson@example.org,2025-01-02T14:43:27
415,Jesse Salazar,jennifer59@example.com,2025-01-09T14:26:10
416,Samuel Perez,edwinjuarez@example.com,2025-01-05T17:48:52
417,James Moody,thompsonstephen@example.org,2025-01-07T22:54:49
418,Brittany Hughes,browndanielle@example.net,2025-01-03T09:32:56
419,Duane Silva,kellybrown@example.com,2025-01-04T02:36:56
420,Tony Davis,nanderson@example.org,2025-01-06T12:23:38
421,Benjamin Phillips,lturner@example.net,2025-01-09T14:33:36
422,Teresa Pearson,morenochristopher@example.com,2025-01-09T09:08:09
423,Kenneth Nelson,mary71@example.com,2025-01-09T07:21:29
424,Andrew Johns,smithsylvia@example.com,2025-01-01T17:54:53
425,Anthony Benson,bennettlaura@example.net,2025-01-02T00:48:03
426,Zachary Jones,aowen@example.org,2025-01-06T03:09:42
427,Rebecca Weiss,gilberttyler@example.com,2025-01-01T12:10:56
428,Kelli Stephens,brucechristopher@example.net,2025-01-02T05:27:43
429,Matthew Davis,dsmith@example.org,2025-01-06T16:10:18
430,Jose Davis,robertbowman@example.org,2025-01-04T00:02:52
431,Mark Smith,joshuahunter@example.net,2025-01-05T08:13:30
432,Brooke Hernandez,kathy50@example.net,2025-01-07T12:31:04
433,Shari Ochoa,mike64@example.net,2025-01-07T21:22:55
434,Michael Conley,melissa36@example.org,2025-01-06T12:35:08
435,Elizabeth Wilson,greenashlee@example.org,2025-01-07T21:23:11
436,Joshua Frost,richarddavid@example.org,2025-01-09T07:15:36
437,Julie Ashley,loganfelicia@example.net,2025-01-03T03:08:27
438,Melissa Warren,lnguyen@example.net,2025-01-02T23:50:14
439,Nicholas Calderon,richard62@example.org,2025-01-01T18:51:24
440,Alison Mcintyre,lisa28@example.org,2025-01-05T07:39:46
441,Curtis Ortiz,foleynathan@example.net,2025-01-01T17:50:38
442,Matthew Oliver,stacey40@example.org,2025-01-01T13:51:43
443,Calvin Morrison,rmcdonald@example.org,2025-01-04T18:06:50
444,Richard Perkins,adaniels@example.org,2025-01-02T03:23:32
445,Mrs. Ruth Mayer,brownelizabeth@example.com,2025-01-06T04:35:37
446,Kelly Garrett,john24@example.net,2025-01-07T19:33:27
447,Gail Hansen,kristie84@example.com,2025-01-06T00:08:52
448,Amy Olsen,josephdyer@example.com,2025-01-04T08:42:19
449,Sabrina Hensley,buckleymary@example.org,2025-01-04T01:54:57
450,Claire George,robert47@example.org,2025-01-02T13:09:43
451,Johnny Lloyd,williamjohnson@example.org,2025-01-04T08:13:07
452,Mr. Patrick Montgomery,joseph12@example.org,2025-01-06T03:02:39
453,Christopher Hill,mooresarah@example.net,2025-01-09T14:00:22
454,Christopher Gates,hboyer@example.com,2025-01-07T16:44:42
455,Michelle Roberson,mhowell@example.com,2025-01-08T17:46:28
456,Matthew Le,matthewslisa@example.net,2025-01-02T17:23:58
457,Brenda Mejia,wwilkins@example.org,2025-01-03T16:51:56
458,Mark Lee,mmartinez@example.org,2025-01-02T23:03:27
459,Michael French,uroberts@example.net,2025-01-07T03:44:05
460,Jonathan Greer,cramos@example.net,2025-01-09T15:37:35
461,Rhonda Hoover,wallerkimberly@example.org,2025-01-03T19:06:34
462,Meagan Williams,brooksadam@example.net,2025-01-06T03:21:20
463,Amanda Richards,stephanie15@example.org,2025-01-02T12:50:31
464,Luke Evans,fhernandez@example.com,2025-01-09T06:48:17
465,Christopher Arias,drodriguez@example.net,2025-01-01T01:06:05
466,Zachary Green,lisawatkins@example.org,2025-01-04T14:25:48
467,Pamela Craig,fboyd@example.com,2025-01-07T05:44:34
468,Jessica Carlson,jamesjonathan@example.net,2025-01-08T09:06:31
469,Dawn Warren,jsilva@example.org,2025-01-04T20:50:49
470,Michael Perez,kevinmiddleton@example.com,2025-01-07T23:28:52
471,Jesse Matthews,brian96@example.org,2025-01-08T13:48:48
472,Taylor Daniels,kjohnson@example.com,2025-01-04T16:12:26
473,Kenneth Montgomery,iferrell@example.net,2025-01-02T15:17:53
474,Christopher Zavala,shawnyoung@example.net,2025-01-03T07:50:53
475,Beth King,katherinecantu@example.net,2025-01-09T12:02:28
476,Edward Johnson,nelsonstacie@example.org,2025-01-09T06:48:08
477,Mary Burnett,suarezrichard@example.com,2025-01-06T02:45:38
478,Theresa Bryan,leelisa@example.net,2025-01-07T22:47:19
479,Nathan Rogers,conwayregina@example.org,2025-01-09T05:59:13
480,Marc Conner,ashley18@example.org,2025-01-08T05:15:24
481,Nicole Reese,david41@example.com,2025-01-03T04:06:51
482,Carl Lee,kimpadilla@example.com,2025-01-02T16:36:02
483,Nathan West,matthew20@example.com,2025-01-07T02:50:42
484,Brianna Wiggins,kingjohn@example.org,2025-01-08T19:59:47
485,Kyle Olsen,awalton@example.com,2025-01-09T12:16:24
486,Mrs. Patricia Gutierrez,juliawhite@example.org,2025-01-09T16:50:00
487,Garrett Campos,rodriguezstephanie@example.com,2025-01-03T07:44:55
488,Darren Kelly,ycampbell@example.com,2025-01-05T10:34:36
489,Candice Lewis,zachary98@example.org,2025-01-08T02:25:55
490,Jodi Bryant,lbaker@example.org,2025-01-05T00:26:25
491,Alison Miller,timothyrasmussen@example.org,2025-01-01T22:21:28
492,Natalie Davis,elizabethbrock@example.com,2025-01-06T23:19:29
493,James Thomas,dwayne09@example.com,2025-01-08T22:45:47
494,Jeffery Allen,schmidtstephanie@example.com,2025-01-05T06:12:30
495,Janice Walker,watkinsalexandria@example.org,2025-01-04T17:03:12
496,Jennifer Castillo,samuelterrell@example.net,2025-01-06T04:25:01
497,Kristi Rodriguez,robert37@example.com,2025-01-08T20:26:26
498,Joseph Cooper,anne36@example.com,2025-01-09T13:40:12
499,Yolanda Prince,christinehenderson@example.net,2025-01-05T12:50:37
500,Sabrina Smith,creed@example.net,2025-01-07T07:36:38
501,Joseph Glover,bcollier@example.org,2025-01-03T06:21:07
502,Anthony Anderson,ayoung@example.com,2025-01-06T10:14:48
503,Melanie Robinson,donald23@example.com,2025-01-04T11:39:18
504,Scott Myers,morrispatrick@example.com,2025-01-02T17:50:01
505,Steven Watson,janetperez@example.com,2025-01-05T01:44:47
506,Michele Medina,georgedawn@example.net,2025-01-03T02:59:41
507,Barbara Fisher,briannacline@example.com,2025-01-05T03:52:22
508,Phillip Brown,robertellis@example.com,2025-01-01T23:05:17
509,Bethany Lopez,smoreno@example.org,2025-01-04T16:20:40
510,Lee Marshall,zcastillo@example.com,2025-01-09T09:57:04
511,Olivia Williams,martinjoseph@example.org,2025-01-03T12:29:06
512,Sharon Brown,cummingscynthia@example.net,2025-01-09T16:52:55
513,Peter Berry,kent94@example.com,2025-01-05T20:39:56
514,Troy Martin,robinsonthomas@example.com,2025-01-07T16:06:56
515,Gabriel Wise,lauracollins@example.net,2025-01-06T17:38:20
516,Megan Beck,nmcdowell@example.org,2025-01-06T05:36:17
517,Michelle Lopez,christian93@example.org,2025-01-06T09:31:36
518,Joyce Barnes,mrice@example.net,2025-01-05T21:19:56
519,Nathaniel Weaver,hcrosby@example.net,2025-01-05T11:03:26
520,Michael Richmond,ywest@example.com,2025-01-01T12:45:37
521,Elizabeth Wilson,acannon@example.org,2025-01-07T05:52:58
522,Bradley Rodriguez,benjamin97@example.net,2025-01-09T16:30:32
523,Destiny Anderson,hharris@example.org,2025-01-08T17:19:53
524,Beverly Weeks,erica49@example.net,2025-01-02T13:01:18
525,David Tate,kimberlyanderson@example.org,2025-01-05T06:39:18
526,Richard Rice,cooleykristina@example.net,2025-01-06T01:16:34
527,Debbie Acosta,anthonytodd@example.net,2025-01-07T18:38:52
528,Renee Davis,greenmatthew@example.com,2025-01-09T05:09:12
529,Jessica Marquez,thomasthomas@example.net,2025-01-05T09:23:30
530,Laurie Norris,wquinn@example.org,2025-01-01T19:53:03
531,Roy Bennett,jkennedy@example.net,2025-01-07T20:03:05
532,Lisa Terry,nhill@example.com,2025-01-03T04:30:33
533,Travis Good,udeleon@example.org,2025-01-08T03:40:18
534,Andrew Brown,qlawson@example.com,2025-01-06T03:33:47
535,Sherri Huang,ravenwilliams@example.net,2025-01-09T14:19:53
536,Mrs. Caroline Rodriguez MD,ktaylor@example.com,2025-01-01T03:11:27
537,Joshua Giles,wmartin@example.com,2025-01-06T10:30:54
538,Andres Rollins,jonathon72@example.org,2025-01-03T10:51:10
539,Elizabeth Bryant,richard31@example.net,2025-01-07T01:22:13
540,Kathy Mclaughlin,marc03@example.net,2025-01-05T16:10:14
541,Audrey Garcia,spearskathy@example.org,2025-01-02T04:35:49
542,Randy Hopkins,kennethpollard@example.net,2025-01-01T16:59:06
543,Kenneth Morris,allenjack@example.net,2025-01-04T01:55:03
544,Cynthia Brooks,maria89@example.com,2025-01-06T10:53:37
545,Kevin Lucas,bryangill@example.org,2025-01-03T10:10:29
546,Pamela Martin,horneelizabeth@example.org,2025-01-06T14:59:40
547,James Mcmillan,christophervargas@example.com,2025-01-04T06:11:22
548,Heather Rhodes,renee66@example.org,2025-01-03T06:50:44
549,David Stuart,ysanford@example.net,2025-01-07T22:22:06
550,Frank Thomas II,stevensbrittany@example.org,2025-01-01T12:05:45
551,Stephanie Hernandez,welchgabrielle@example.org,2025-01-02T10:54:35
552,Heather Rivera,richardlopez@example.org,2025-01-09T05:41:05
553,Rachel Webb,selena41@example.net,2025-01-01T00:04:17
554,Pamela Scott,thompsonstephanie@example.org,2025-01-06T15:07:56
555,Austin Green,dfoster@example.com,2025-01-06T06:18:10
556,Ronald Becker,gbenjamin@example.com,2025-01-05T09:35:03
557,Michael Salazar,fischermichael@example.net,2025-01-07T12:08:01
558,Rhonda Kaufman,alisha05@example.org,2025-01-09T10:07:47
559,Bryan Sanchez,josephgarcia@example.com,2025-01-03T10:33:23
560,Michael Johnson,rebecca16@example.com,2025-01-08T23:43:30
561,Cassandra Clark,kjohnson@example.com,2025-01-08T23:58:51
562,Brett Romero,arthur10@example.com,2025-01-08T11:08:32
563,Zachary Sloan,uoconnor@example.net,2025-01-07T03:13:37
564,Mary Ortiz,davidbrown@example.org,2025-01-05T09:40:37
565,Caitlin Perry,davidcarlson@example.org,2025-01-07T02:31:26
566,Jessica Evans DVM,melissarodriguez@example.com,2025-01-08T19:43:48
567,Brian Odonnell,fernandezeric@example.org,2025-01-03T21:16:00
568,Virginia Lawson,cbrock@example.com,2025-01-09T13:28:34
569,John Orr,marydonaldson@example.net,2025-01-05T05:35:31
570,Charles Harper,usnyder@example.net,2025-01-01T16:08:44
571,Joshua White,rsutton@example.org,2025-01-06T22:12:15
572,Catherine Roman,melissabailey@example.org,2025-01-05T21:14:06
573,Elizabeth Wallace,jonathongriffin@example.com,2025-01-06T05:16:08
574,Adam Thompson,donald52@example.org,2025-01-02T08:32:52
575,Jeremy Wilson,williamskristen@example.com,2025-01-07T17:50:10
576,Jennifer Patel,carrie75@example.com,2025-01-03T11:12:16
577,Samuel Miller PhD,corey05@example.com,2025-01-04T09:30:56
578,Carolyn Velazquez,clarkjohn@example.org,2025-01-05T16:24:12
579,Elizabeth Matthews,randybailey@example.org,2025-01-07T09:36:25
580,Richard Duffy,mindy16@example.org,2025-01-03T18:37:56
581,Tiffany Doyle,lmayer@example.net,2025-01-04T00:20:18
582,Yolanda Rivera,chernandez@example.net,2025-01-06T05:36:57
583,Karen Curtis,williamsjennifer@example.com,2025-01-01T10:30:13
584,Sean Garcia,sdavis@example.net,2025-01-01T17:03:32
585,Anthony Hancock,eddieconrad@example.com,2025-01-05T22:12:43
586,Kimberly Ramirez,kristypowell@example.org,2025-01-01T22:29:22
587,Jennifer Smith,jesusramsey@example.net,2025-01-05T15:19:39
588,Jennifer Allen,wforbes@example.com,2025-01-06T06:50:51
589,Beth Hubbard,garciaelizabeth@example.net,2025-01-09T14:42:12
590,Richard Olsen,staffordronnie@example.com,2025-01-07T13:03:02
591,Debbie Moreno,mcclurepatricia@example.org,2025-01-03T04:21:19
592,Stephen Arnold,johnsonkelsey@example.com,2025-01-03T04:56:24
593,Derek Spears,david56@example.com,2025-01-07T10:00:06
594,Dawn Miller,blackregina@example.net,2025-01-02T00:55:33
595,Andre White,groth@example.com,2025-01-08T04:55:34
596,Timothy Bowman,brandy56@example.net,2025-01-04T08:06:18
597,Gerald Smith,ashley38@example.com,2025-01-04T22:37:07
598,Emily Daniel,xolson@example.org,2025-01-05T19:06:00
599,Melissa Oneal,williamsgreg@example.net,2025-01-08T11:17:47
600,Cory Jones,michaelcooley@example.net,2025-01-09T16:11:34
601,Sarah Smith,jenniferwilson@example.org,2025-01-09T01:14:23
602,Charles Thompson,hwright@example.net,2025-01-07T04:18:05
603,Sarah Aguilar,ghill@example.net,2025-01-05T12:19:59
604,Ashley Obrien,sharonpace@example.com,2025-01-06T01:17:34
605,Kim Williams,briansmith@example.com,2025-01-03T10:16:28
606,Sharon Yang,amycruz@example.net,2025-01-05T06:01:47
607,Jorge Bowman,michael22@example.net,2025-01-08T23:25:53
608,James Snyder,kristi14@example.net,2025-01-05T22:13:57
609,Ashley Hampton,crystal30@example.net,2025-01-01T14:55:51
610,Sara Ortiz,brandi33@example.com,2025-01-03T04:11:51
611,Tonya Miller,adkinspaul@example.com,2025-01-06T04:24:37
612,Amanda Lopez,garnermaxwell@example.org,2025-01-01T01:39:36
613,James Gilbert,ryan02@example.net,2025-01-03T09:14:05
614,Kathleen Gamble,michellesandoval@example.net,2025-01-05T04:27:02
615,Alexis Booker,terrychristopher@example.net,2025-01-09T10:36:54
616,Susan Wilson,cynthia85@example.net,2025-01-08T23:49:38
617,Michael Hernandez,emilylee@example.org,2025-01-03T18:36:26
618,Erica Powers,danielle56@example.net,2025-01-02T01:18:18
619,Heather Hernandez,elizabethsims@example.net,2025-01-08T05:39:27
620,Todd Flowers,jonathanking@example.org,2025-01-07T06:21:16
621,Kelli Jones,sandramcfarland@example.org,2025-01-07T12:54:18
622,Stephanie Best,rachel86@example.net,2025-01-03T12:28:35
623,Jeffrey Lee,morganjillian@example.org,2025-01-02T08:41:51
624,Tammy Roman,haysdonna@example.org,2025-01-03T20:12:56
625,Marc Griffith,james08@example.org,2025-01-08T04:27:01
626,Kathleen James,michaelorr@example.net,2025-01-09T18:14:36
627,Cindy White,warrenbrandon@example.org,2025-01-04T12:42:05
628,Kayla Taylor,bettybrewer@example.org,2025-01-04T09:55:14
629,Ellen Wilcox,stephen38@example.com,2025-01-06T16:27:02
630,Patrick Simpson,hortonjeremiah@example.net,2025-01-08T02:30:56
631,Christopher Harvey,jonathanbenjamin@example.org,2025-01-08T13:39:48
632,Brady Carter,jtorres@example.com,2025-01-08T00:32:05
633,Amy Sweeney,bruce82@example.org,2025-01-07T11:32:19
634,Nancy Moran,omar13@example.com,2025-01-04T23:49:42
635,Deanna Bennett,mcfarlandkayla@example.org,2025-01-01T22:44:43
636,Tammy Jackson,wanderson@example.org,2025-01-01T19:07:50
637,Terri Pace,spencer16@example.org,2025-01-09T18:40:29
638,Mary Williams,john17@example.org,2025-01-01T20:06:33
639,Patrick Knight,jennifer52@example.com,2025-01-02T17:54:51
640,Linda Leblanc,chadmitchell@example.org,2025-01-05T13:56:43
641,Brandon Underwood,mcknightdaniel@example.com,2025-01-07T07:22:57
642,Wanda Ferguson,patrickpadilla@example.net,2025-01-09T13:55:24
643,Jessica Gross,amy37@example.net,2025-01-03T09:38:29
644,Timothy Garcia,fhaynes@example.com,2025-01-03T11:35:16
645,Robert Hicks,wongamber@example.net,2025-01-02T02:44:34
646,Daniel Huff,xwatson@example.com,2025-01-01T08:14:37
647,Christopher Smith,xwilson@example.net,2025-01-06T19:43:27
648,Andrew Combs,grayjonathan@example.org,2025-01-04T18:48:01
649,Shawn Austin,tuckerlisa@example.com,2025-01-01T08:29:29
650,Thomas Mitchell,watsonangelica@example.org,2025-01-09T02:13:07
651,Pamela Brooks,davidwagner@example.com,2025-01-09T01:24:17
652,Tina Garcia,rross@example.net,2025-01-04T10:11:00
653,Gary Vasquez,liphyllis@example.com,2025-01-02T22:18:55
654,Amy Roman,horobert@example.org,2025-01-03T18:09:17
655,Amanda Lewis,sara00@example.org,2025-01-01T19:29:20
656,Steven Johnston,ptapia@example.net,2025-01-01T17:53:05
657,Kevin Brock,pamela12@example.net,2025-01-06T01:20:29
658,Christopher Wright,williamskathleen@example.com,2025-01-05T22:53:34
659,James Melendez,anitaryan@example.net,2025-01-05T09:11:11
660,Jessica Valdez DDS,kathryn28@example.org,2025-01-08T17:27:53
661,Kelsey Cline,frederickjordan@example.net,2025-01-03T21:35:42
662,James Juarez,jamesrichard@example.org,2025-01-09T16:59:16
663,Steve Navarro,jcaldwell@example.org,2025-01-03T00:17:46
664,Eugene Hill,smithchristopher@example.org,2025-01-05T19:12:07
665,Jason Oliver,valenciarichard@example.com,2025-01-08T07:16:51
666,Jack Brown,xmccarty@example.com,2025-01-05T18:14:56
667,Philip Pitts,shelbymarsh@example.org,2025-01-07T15:09:40
668,Nicholas Nixon,annmarshall@example.org,2025-01-03T04:29:18
669,Alyssa Vargas,travis12@example.com,2025-01-06T11:27:57
670,Nathan Campos,cynthiaallen@example.org,2025-01-08T15:55:53
671,David Hicks,bailey53@example.org,2025-01-05T17:06:45
672,Cheryl Adams,danielperkins@example.org,2025-01-04T20:40:58
673,Henry White,snewman@example.net,2025-01-08T13:49:48
674,Lori Richardson,imontgomery@example.net,2025-01-03T14:57:23
675,Adam Marshall,gmoore@example.com,2025-01-01T02:00:39
676,Jennifer Burton,jessicareed@example.com,2025-01-05T11:20:12
677,Patrick Cowan,breeves@example.net,2025-01-05T16:21:52
678,Robert Adams,michelledoyle@example.org,2025-01-05T03:15:31
679,William Clark,vaughanstephanie@example.com,2025-01-07T17:46:26
680,Joseph Green,evanskatie@example.net,2025-01-04T20:22:27
681,Tracy Fischer,vmiller@example.com,2025-01-05T02:54:10
682,Nicolas Payne,charlesramos@example.org,2025-01-02T07:56:06
683,Michael Farmer,skrueger@example.com,2025-01-07T10:55:22
684,Brandon Chan,cboyd@example.org,2025-01-05T19:28:50
685,Terry Williams,burnsbrian@example.org,2025-01-03T19:35:54
686,Lauren Black,loweangela@example.org,2025-01-07T08:37:54
687,Julie Cooper,sbarrett@example.com,2025-01-01T10:28:41
688,Stephanie Newman,latasha60@example.org,2025-01-02T04:32:24
689,Morgan Moran,rmeyer@example.net,2025-01-07T00:22:43
690,Sara Sharp,leenicole@example.org,2025-01-05T12:35:25
691,Matthew Bowman,jenniferwilliams@example.com,2025-01-05T08:18:58
692,Brittney Combs,janetmay@example.com,2025-01-03T07:57:50
693,Cynthia Malone,laurasmith@example.com,2025-01-06T18:10:40
694,Jessica Adams,lanejose@example.net,2025-01-09T08:16:14
695,John Andrews,millersharon@example.org,2025-01-08T01:52:12
696,Lauren Jenkins,stevenbowers@example.com,2025-01-06T20:24:58
697,Angela Hess,mortonstacey@example.net,2025-01-07T02:27:09
698,Matthew Hart,ushepard@example.org,2025-01-07T18:17:07
699,Rhonda Trujillo,josephalicia@example.org,2025-01-07T14:02:20
700,Maria Stewart,steinjoshua@example.net,2025-01-09T10:02:17
701,Kathryn Reed,elizabethpugh@example.com,2025-01-02T09:23:16
702,Debbie Hall,jasmineward@example.com,2025-01-02T17:39:13
703,James Reed,espinozajames@example.com,2025-01-07T16:31:07
704,Jeremy Ingram,lori89@example.com,2025-01-02T22:44:27
705,Beverly Cooper,nuneznicholas@example.com,2025-01-08T10:31:59
706,Kyle Li,michelle07@example.net,2025-01-02T22:05:50
707,Lisa Sanchez,smithmegan@example.org,2025-01-03T16:18:12
708,John Davis,mgray@example.com,2025-01-05T19:55:02
709,Samantha Cole,gjoseph@example.com,2025-01-01T07:07:04
710,Kyle Ballard,anthonypeterson@example.com,2025-01-08T14:10:48
711,Andrew Warren,gonzalezsierra@example.com,2025-01-03T01:58:49
712,Benjamin Hall,eadams@example.org,2025-01-03T19:30:03
713,Barry Greer,james80@example.net,2025-01-06T18:47:31
714,Jason Lewis,lfrancis@example.com,2025-01-06T07:06:29
715,Andrew Mitchell,davisjames@example.org,2025-01-04T15:21:14
716,Melissa Cox,tuckerchris@example.net,2025-01-09T09:03:08
717,Lori Foster,higginsanna@example.net,2025-01-09T05:26:18
718,Cory Bond,stephensonrobert@example.org,2025-01-09T11:17:52
719,Logan Rice,kelly24@example.org,2025-01-06T09:38:38
720,Wendy Smith,uharris@example.com,2025-01-05T12:48:42
721,Dustin Turner,palvarez@example.net,2025-01-02T03:07:08
722,Donald Clark,brittany12@example.net,2025-01-05T06:01:31
723,Bailey Wall,matthewalvarez@example.net,2025-01-08T08:04:57
724,Jacqueline Ortega,kenneth29@example.net,2025-01-01T10:58:26
725,Sydney Smith,ramirezjo@example.com,2025-01-02T15:25:17
726,William Chavez,mdalton@example.net,2025-01-05T17:24:18
727,Patrick Garcia,mbarry@example.org,2025-01-07T15:47:17
728,Megan Fowler,joncopeland@example.net,2025-01-07T04:46:52
729,Darrell Collins,leblancrobert@example.net,2025-01-06T16:29:10
730,Alexander Ashley,potterjill@example.org,2025-01-04T07:25:16
731,Matthew Allen,coxnatalie@example.net,2025-01-02T14:43:11
732,Jessica Roberts,zacharyalvarado@example.org,2025-01-04T21:15:04
733,Susan Robinson,escobarkaren@example.org,2025-01-06T05:15:39
734,Wendy Carter,mclaughlinlatoya@example.org,2025-01-06T21:47:14
735,Shelby Smith MD,heberttamara@example.net,2025-01-02T21:16:49
736,Allison Smith,mlang@example.org,2025-01-01T05:32:32
737,Benjamin Lowe,gordonkelly@example.com,2025-01-01T04:06:18
738,Joseph Chapman,bjohnson@example.com,2025-01-07T09:48:45
739,Thomas Hamilton,jenkinsjacqueline@example.org,2025-01-09T10:27:50
740,Jamie Gray,leetyler@example.net,2025-01-01T09:16:33
741,Ashley Smith,amy96@example.com,2025-01-02T19:59:17
742,Scott Richards,florespatrick@example.com,2025-01-02T12:04:17
743,Brian Wilcox,samanthawilliams@example.org,2025-01-09T07:31:19
744,Nathaniel Smith,goldenbrianna@example.org,2025-01-08T20:14:56
745,Kayla Arnold,james83@example.com,2025-01-04T22:35:20
746,Brenda Wolf,mary67@example.org,2025-01-05T12:21:35
747,Adam Jackson,xvincent@example.org,2025-01-08T09:21:28
748,Jacqueline Smith,ashley35@example.org,2025-01-01T05:06:49
749,Mary Mcgee,dean97@example.com,2025-01-04T17:07:45
750,Michael Peters,cannoneric@example.net,2025-01-04T23:14:00
751,Veronica Carter,jenniferbraun@example.net,2025-01-02T14:10:07
752,Derek Thompson,johnsondana@example.net,2025-01-04T00:57:05
753,Jeffrey Woodard,micheallee@example.net,2025-01-06T05:57:30
754,Joseph Hernandez,fredericklauren@example.com,2025-01-03T14:35:23
755,Maurice Hester,goldenann@example.net,2025-01-04T09:02:18
756,Kelly Rodriguez,kayla69@example.com,2025-01-09T12:03:05
757,Alexis Fox,fordjamie@example.com,2025-01-03T22:47:25
758,Julian Winters,vsheppard@example.com,2025-01-07T19:53:48
759,Deborah Brewer,rroberts@example.net,2025-01-03T11:16:01
760,Casey Cross,vholt@example.org,2025-01-01T08:48:32
761,John Ward,smithkelly@example.org,2025-01-09T01:08:28
762,Manuel Raymond,rthomas@example.net,2025-01-08T16:47:44
763,Dustin Lambert,chavezsteven@example.org,2025-01-09T09:38:36
764,Cameron Schwartz,alexander68@example.net,2025-01-04T08:33:00
765,Christina Jackson,thickman@example.org,2025-01-04T21:31:03
766,Stephanie Guerra,robert16@example.com,2025-01-06T16:08:39
767,Cynthia Callahan,michelle51@example.com,2025-01-01T08:47:34
768,Joseph Mccormick,harrisdaniel@example.org,2025-01-07T08:49:23
769,Stacey Barker,sandersgregory@example.net,2025-01-07T08:14:48
770,Peter Wallace,danny70@example.com,2025-01-05T22:36:34
771,Timothy Johnson,timothylam@example.com,2025-01-02T11:14:32
772,Shannon Rosario,kyle35@example.org,2025-01-07T04:02:16
773,Andrew Wilkerson,qkent@example.com,2025-01-04T19:04:54
774,Courtney Matthews,marvinsherman@example.org,2025-01-05T05:12:36
775,Paul Miles,garrett27@example.com,2025-01-01T17:25:14
776,Carrie Cline,daltonkimberly@example.com,2025-01-08T07:40:15
777,James Conrad,stephanie99@example.com,2025-01-04T14:43:44
778,Michelle Wolfe,katherine28@example.com,2025-01-09T14:10:41
779,Christopher Cantrell,timothyhendricks@example.net,2025-01-07T23:09:36
780,Kenneth Valencia,scott14@example.org,2025-01-06T21:56:46
781,Tanya Simpson,joe38@example.net,2025-01-09T09:06:26
782,Samuel Howard,ericaho@example.net,2025-01-08T08:09:24
783,Carrie Fields,jennifer99@example.com,2025-01-03T07:47:29
784,Kelsey Wright,john17@example.com,2025-01-08T06:32:55
785,Veronica Potter,laurennelson@example.org,2025-01-07T10:16:25
786,Erica Walker,calderonkristopher@example.org,2025-01-03T23:31:26
787,Emily Marquez,jamesreid@example.net,2025-01-07T00:05:32
788,Bradley Shaw,meredith83@example.org,2025-01-07T06:22:31
789,Shane Murray,bradley52@example.net,2025-01-04T09:28:47
790,Nicholas Williams,sarahellison@example.net,2025-01-09T00:13:01
791,Kimberly Mitchell,wmosley@example.com,2025-01-07T14:05:33
792,Tina Berry,quinnwendy@example.net,2025-01-09T09:03:06
793,Pamela Johnson,pittselizabeth@example.net,2025-01-03T06:58:18
794,Jose Edwards,elizabethmoore@example.com,2025-01-07T03:11:03
795,Andre Johnson,roger94@example.org,2025-01-01T17:25:21
796,Brenda Buckley,ecampbell@example.com,2025-01-08T05:48:53
797,Jose Wallace,maryblackwell@example.org,2025-01-06T11:16:25
798,Laura Henderson,ehines@example.net,2025-01-09T13:04:46
799,Brian Johnson,elizabeth45@example.org,2025-01-06T10:21:49
800,Edward Williams,michellerichardson@example.com,2025-01-06T17:51:20
801,Kevin Gould,beth82@example.com,2025-01-07T14:26:26
802,Kathryn Nelson,austinsanchez@example.org,2025-01-09T09:33:33
803,Rachel Kennedy,jonescalvin@example.net,2025-01-08T19:13:29
804,Joshua Kaiser,griffinjared@example.org,2025-01-07T06:08:15
805,Robert Baker,bakersara@example.net,2025-01-02T16:41:49
806,Anne Berry,tandrews@example.com,2025-01-05T23:49:06
807,Amy Medina,edward53@example.com,2025-01-08T08:05:21
808,Jeffrey Petersen,nicole42@example.net,2025-01-03T01:50:55
809,Dwayne Barnes,xgarcia@example.net,2025-01-09T17:46:27
810,Elizabeth Woodward,thomas02@example.com,2025-01-02T07:20:51
811,Wayne Hayes,lorimichael@example.net,2025-01-09T01:29:59
812,Malik Keith,jody38@example.net,2025-01-08T23:59:44
813,Vincent Vaughn,reginamiller@example.net,2025-01-04T01:55:01
814,Renee Perkins,palmercarolyn@example.com,2025-01-02T05:22:48
815,Christian Davis,jeanettesingh@example.com,2025-01-09T08:35:33
816,Teresa Potts,mirandaharper@example.net,2025-01-04T09:03:32
817,Susan Evans,josephmoon@example.org,2025-01-01T22:02:31
818,Sheri Manning,brandon16@example.org,2025-01-05T19:41:24
819,Brad Yu,lisasmith@example.net,2025-01-08T09:06:46
820,Christopher Ryan,spencer15@example.net,2025-01-02T21:35:49
821,Ryan Benjamin,macdonaldkristin@example.net,2025-01-04T22:33:25
822,Ryan Morales,jeffrey71@example.net,2025-01-04T00:39:18
823,Ronald Bond,taylortiffany@example.net,2025-01-02T14:05:00
824,Gregg Johnston,nsmith@example.org,2025-01-02T16:36:18
825,Katherine Hogan,wdavis@example.net,2025-01-01T10:58:54
826,Jessica Washington,thompsonbradley@example.org,2025-01-04T01:41:57
827,Jacqueline Bush,nicholetownsend@example.com,2025-01-07T19:59:05
828,Darlene Lopez,bhiggins@example.net,2025-01-09T02:26:56
829,Lisa Anderson,stricklandrobert@example.net,2025-01-07T04:24:46
830,Michele Reed,stanleymatthew@example.net,2025-01-04T10:32:36
831,Austin Garza,wlong@example.org,2025-01-06T21:00:26
832,Aaron Gonzalez,emily08@example.org,2025-01-09T00:01:14
833,Theodore Bennett,grosslinda@example.net,2025-01-07T06:00:09
834,David Ford,tjohnson@example.org,2025-01-09T01:41:11
835,Devon Porter,ncohen@example.net,2025-01-08T09:20:23
836,Rebekah Gilbert,nicolecline@example.net,2025-01-07T22:17:17
837,Linda Mcbride,seanrubio@example.org,2025-01-01T00:08:19
838,Brandon Lynch,kristinarodriguez@example.org,2025-01-04T17:46:50
839,Carl Bradford,brownjennifer@example.com,2025-01-08T06:45:17
840,Nicholas Hensley,wilsondanielle@example.org,2025-01-07T23:50:54
841,Mark Yang,christina81@example.org,2025-01-01T17:40:00
842,Kim Porter,kevin80@example.com,2025-01-02T19:01:07
843,Robert Forbes,greengabriella@example.org,2025-01-08T04:07:42
844,Lauren Oneill,amythompson@example.net,2025-01-06T22:48:25
845,Antonio Wood,rking@example.net,2025-01-06T03:34:38
846,Trevor Fletcher,slane@example.com,2025-01-09T11:27:40
847,Gregory Finley,brownfrank@example.com,2025-01-08T00:10:41
848,Steven Rodgers,bellvanessa@example.org,2025-01-08T10:00:51
849,Cynthia Lamb,marshchristopher@example.net,2025-01-01T16:58:04
850,Matthew Alexander,william92@example.org,2025-01-07T21:04:23
851,William Williams,wrightsharon@example.net,2025-01-01T20:04:41
852,Daniel Swanson,nicolebailey@example.net,2025-01-03T19:20:49
853,Sara Banks,danielscourtney@example.net,2025-01-03T10:59:02
854,Kimberly Scott,parksbrooke@example.com,2025-01-01T08:46:51
855,William Jones,iwilliams@example.org,2025-01-09T05:03:03
856,Benjamin Anderson,satkinson@example.com,2025-01-02T04:55:30
857,Valerie Knight,wjones@example.net,2025-01-08T18:03:44
858,Anna Montgomery,davidcobb@example.com,2025-01-09T11:16:18
859,Taylor Nixon,veronicawoods@example.org,2025-01-05T05:14:00
860,Carolyn Rosario,swalton@example.com,2025-01-07T10:43:43
861,Rachel Oconnor,kenneth05@example.org,2025-01-03T10:27:10
862,Heidi Keller,shawnhart@example.net,2025-01-01T00:56:32
863,Joshua Neal,johnsonanne@example.org,2025-01-03T13:33:14
864,Cynthia Mann,joshuaburton@example.org,2025-01-06T18:28:18
865,Tammy Stephens,robert73@example.com,2025-01-04T16:33:18
866,Katie Gutierrez,samueladams@example.org,2025-01-05T22:35:42
867,Lynn Roberts,vtaylor@example.com,2025-01-03T21:59:27
868,Timothy Hicks,skoch@example.com,2025-01-01T13:37:41
869,Bobby Lee,victor17@example.com,2025-01-05T00:18:16
870,John Clay,franciscohaynes@example.com,2025-01-09T09:22:07
871,Kathryn Taylor,hmaldonado@example.com,2025-01-04T15:30:34
872,Thomas Romero,ricardo77@example.org,2025-01-01T14:11:32
873,Sean Brown,uward@example.net,2025-01-07T15:21:09
874,Erik Ballard,kacosta@example.net,2025-01-08T22:17:36
875,Dustin Miller,russellhall@example.com,2025-01-02T21:46:28
876,Anne Moore,jesus99@example.org,2025-01-05T06:48:16
877,Richard Wilson,leemegan@example.net,2025-01-06T05:14:54
878,Dr. Sean Lara,jeffrey88@example.org,2025-01-06T08:07:46
879,Daniel Andersen,hurleyrebecca@example.net,2025-01-02T19:23:56
880,Justin Smith,johnadkins@example.net,2025-01-01T20:06:22
881,Dale Moran,juliesimpson@example.net,2025-01-05T11:13:45
882,Eugene Hardin,rebecca66@example.org,2025-01-04T08:13:36
883,Brett Morris,hcase@example.com,2025-01-09T02:45:05
884,Stephanie Reynolds,chammond@example.com,2025-01-06T15:00:22
885,Benjamin Rodriguez,tonyhess@example.net,2025-01-02T09:05:54
886,Lauren Callahan,angela18@example.com,2025-01-07T19:40:25
887,Tara Long,triley@example.net,2025-01-06T23:27:46
888,Amanda White,iaustin@example.org,2025-01-08T14:44:09
889,Jonathan Parrish,katherine81@example.com,2025-01-07T07:15:18
890,James Taylor,jonesmatthew@example.net,2025-01-09T19:14:03
891,Alyssa Harris,morapeter@example.org,2025-01-02T06:19:25
892,Jonathan Wright,sharonserrano@example.org,2025-01-01T00:09:44
893,Eugene Underwood,csanders@example.com,2025-01-02T23:22:37
894,James Price,allencindy@example.com,2025-01-09T09:41:53
895,Amanda White,paigehorton@example.net,2025-01-06T04:13:23
896,Jessica Austin,linda77@example.org,2025-01-07T21:15:09
897,Jacob Robertson,athomas@example.net,2025-01-01T11:10:02
898,Hannah Bennett,wilsonsamuel@example.org,2025-01-05T08:44:24
899,Paige Morgan,camachoelizabeth@example.org,2025-01-08T19:13:51
900,William Benson,brownsteven@example.com,2025-01-03T02:56:34
901,Timothy Bright,joel89@example.net,2025-01-03T23:10:09
902,Dr. Jeremiah Anderson,kwarner@example.com,2025-01-09T15:41:45
903,Diana Carter,daniel86@example.com,2025-01-02T22:06:33
904,Douglas Walton,omunoz@example.com,2025-01-07T23:46:07
905,Joshua Kim,williamsandrew@example.org,2025-01-05T23:31:05
906,John Black,donnajohnston@example.net,2025-01-07T13:20:06
907,William Ramirez,vbuchanan@example.org,2025-01-03T03:35:08
908,Karen Davenport,angelahull@example.net,2025-01-07T11:47:01
909,Charles Smith,frichardson@example.com,2025-01-08T08:18:16
910,Elaine Mercer,lindsay72@example.org,2025-01-03T15:38:07
911,Olivia Martinez,williamsjohn@example.com,2025-01-01T08:50:18
912,Mr. Thomas Hall,nguyenheather@example.com,2025-01-02T11:42:30
913,Nicolas Andrews,hendersonpatricia@example.com,2025-01-06T11:55:20
914,Jerry Johnson,derek32@example.org,2025-01-03T09:47:49
915,Sarah Hopkins,morrowlawrence@example.com,2025-01-08T17:14:09
916,Jessica Garrison,hbrennan@example.net,2025-01-03T13:32:03
917,Edward Mack,watsonlaura@example.org,2025-01-06T22:45:42
918,Darren Fisher,hensonrodney@example.net,2025-01-05T17:06:38
919,Joseph Coffey,lauren57@example.org,2025-01-05T09:55:05
920,Chris Bryan,snydermegan@example.org,2025-01-04T07:41:32
921,Patricia Wong,ronald20@example.org,2025-01-09T18:22:11
922,Hector Holland,nancy89@example.net,2025-01-06T04:57:42
923,Aaron Clayton,jacobkelly@example.org,2025-01-09T03:22:46
924,Kenneth Williamson,angela54@example.com,2025-01-07T04:15:27
925,Angelica Avery,rebecca87@example.net,2025-01-03T01:03:00
926,Gary Conner,davidberry@example.org,2025-01-04T14:37:14
927,Amanda Mejia,mprice@example.net,2025-01-02T20:25:01
928,April Russell,stephensonstephanie@example.org,2025-01-08T13:13:16
929,Steven Marsh,enunez@example.com,2025-01-03T03:59:45
930,Matthew Boyd,julieperez@example.org,2025-01-07T22:17:10
931,Cynthia Wheeler,kellyamanda@example.com,2025-01-06T11:17:57
932,Jeffrey Long,ystewart@example.org,2025-01-03T11:28:52
933,Stacy Evans DDS,millsrebecca@example.com,2025-01-04T06:49:33
934,Nicole Crawford,thompsonsuzanne@example.org,2025-01-02T15:31:40
935,Hannah Byrd,amy62@example.net,2025-01-04T05:55:45
936,Andrew Rodriguez,hendrixsamantha@example.org,2025-01-07T16:03:50
937,Zachary Dominguez,gleach@example.com,2025-01-06T07:18:23
938,Mark Young,mitchelljamie@example.net,2025-01-01T17:51:25
939,Kristina Torres,lewistrevor@example.org,2025-01-06T03:54:14
940,Cynthia Collins,barry65@example.org,2025-01-05T01:18:45
941,Victoria Kirby,scott73@example.net,2025-01-03T01:27:26
942,Travis Mathis,danielcaldwell@example.org,2025-01-02T00:05:51
943,Lisa Davis,luismartinez@example.org,2025-01-09T03:16:11
944,Jamie Baker,emoore@example.com,2025-01-04T01:06:30
945,Mackenzie Mitchell,tanyalong@example.net,2025-01-05T10:44:08
946,John Todd,mirandamonroe@example.net,2025-01-03T02:54:07
947,Kyle Hunt,qkidd@example.net,2025-01-07T04:13:09
948,Lydia Stevens,sjohnson@example.org,2025-01-07T04:22:09
949,Kathleen Rasmussen,katherine52@example.org,2025-01-03T09:42:57
950,Kevin Carrillo,wmorales@example.org,2025-01-03T22:49:52
951,Eric Arroyo,otucker@example.com,2025-01-02T00:36:36
952,Alexandra Lozano,qleonard@example.org,2025-01-05T03:36:35
953,Claudia Palmer,ylynch@example.net,2025-01-04T04:55:56
954,Kevin Woodward,johnsonbradley@example.org,2025-01-04T12:42:53
955,Sharon Simmons,juarezrichard@example.net,2025-01-06T23:37:17
956,Erik Ochoa,donaldhoffman@example.com,2025-01-08T19:59:34
957,Suzanne Reese,bcampos@example.com,2025-01-09T09:14:57
958,Kristin Hudson,david76@example.net,2025-01-03T08:26:47
959,Louis Evans,cliffordtaylor@example.org,2025-01-08T04:12:33
960,Angela Johnson,donald01@example.com,2025-01-03T11:44:44
961,James Holland,baileylawrence@example.com,2025-01-01T22:02:24
962,Deanna Strickland,daniellesmith@example.net,2025-01-02T09:43:50
963,Eric Howard,ronniesanchez@example.net,2025-01-05T09:00:51
964,Evan Smith,brianharper@example.org,2025-01-02T17:13:14
965,Paul Thornton,victoria08@example.com,2025-01-03T13:41:12
966,Stacy Baldwin,alexander52@example.org,2025-01-07T10:12:29
967,Christian Vargas,amberhall@example.org,2025-01-07T04:45:44
968,Susan Adams,laura83@example.com,2025-01-07T01:34:03
969,Jessica Hughes,joseph13@example.com,2025-01-03T14:10:57
970,Stephen Livingston,johnsonsara@example.org,2025-01-03T22:38:16
971,Melissa Alexander,johnnymiller@example.com,2025-01-08T18:48:42
972,Hayden Jackson,adamhernandez@example.net,2025-01-08T23:39:08
973,William Smith,ncarter@example.com,2025-01-07T22:19:35
974,Zachary Kirby,james88@example.net,2025-01-05T09:55:28
975,Dakota Wagner,erikaneal@example.com,2025-01-07T05:32:48
976,Ashley Williams,nweiss@example.com,2025-01-06T09:01:43
977,Michael Bullock,denisemendoza@example.org,2025-01-04T21:18:05
978,Heidi Woodward,xdiaz@example.com,2025-01-03T13:01:43
979,Jaime Fitzpatrick,mcoleman@example.com,2025-01-03T21:17:53
980,Xavier Perez,justinmiller@example.net,2025-01-03T07:02:32
981,Scott Farmer,catherine42@example.org,2025-01-09T11:57:59
982,Kelly Martin,rodriguezjohn@example.net,2025-01-03T21:52:16
983,Theresa Ross,phillip75@example.com,2025-01-04T10:12:08
984,Katie Sexton,michaelperkins@example.net,2025-01-04T16:05:21
985,Alexis Heath,nathan89@example.net,2025-01-05T08:23:57
986,Zachary Frazier,alexandra34@example.net,2025-01-04T17:31:19
987,Scott Hill,samuelwise@example.com,2025-01-07T08:25:27
988,Alex Mora,kevinguerra@example.net,2025-01-01T03:31:48
989,Dillon Reynolds,jennifer32@example.com,2025-01-07T04:28:56
990,Timothy Obrien,teresa71@example.com,2025-01-09T01:12:09
991,Daniel Hayes,phillipmadden@example.net,2025-01-08T21:23:19
992,Nathaniel Ray,ocarroll@example.net,2025-01-01T03:34:25
993,Rita Jackson,billy79@example.org,2025-01-03T22:06:16
994,Brittney Rogers,gregorytaylor@example.com,2025-01-03T00:17:38
995,William Walsh PhD,zgarcia@example.org,2025-01-06T18:00:26
996,Kimberly Diaz,rodriguezmark@example.com,2025-01-01T17:32:41
997,Tony Espinoza,brendantaylor@example.org,2025-01-08T17:21:18
998,Mark Terrell,drew25@example.com,2025-01-05T14:05:40
999,Danielle Hill,lucasfrederick@example.com,2025-01-05T05:17:27
1000,Brandi Silva,michaelphillips@example.net,2025-01-07T08:13:00
